"title","geo_accession","relation.1"
"02H017","GSM1521543","SRA: https://www.ncbi.nlm.nih.gov/sra?term=SRX729552"
"06H152","GSM1521544","SRA: https://www.ncbi.nlm.nih.gov/sra?term=SRX729553"
"08H085","GSM1521545","SRA: https://www.ncbi.nlm.nih.gov/sra?term=SRX729554"
"08H129","GSM1521546","SRA: https://www.ncbi.nlm.nih.gov/sra?term=SRX729555"
"12H057","GSM1521547","SRA: https://www.ncbi.nlm.nih.gov/sra?term=SRX729556"
"01H001","GSM1521548","SRA: https://www.ncbi.nlm.nih.gov/sra?term=SRX729557"
"02H032","GSM1521549","SRA: https://www.ncbi.nlm.nih.gov/sra?term=SRX729558"
"03H067","GSM1521550","SRA: https://www.ncbi.nlm.nih.gov/sra?term=SRX729559"
"04H041","GSM1521551","SRA: https://www.ncbi.nlm.nih.gov/sra?term=SRX729560"
"04H121","GSM1521552","SRA: https://www.ncbi.nlm.nih.gov/sra?term=SRX729561"
"05H025","GSM1521553","SRA: https://www.ncbi.nlm.nih.gov/sra?term=SRX729562"
"05H066","GSM1521554","SRA: https://www.ncbi.nlm.nih.gov/sra?term=SRX729563"
"05H128","GSM1521555","SRA: https://www.ncbi.nlm.nih.gov/sra?term=SRX729564"
"06H066","GSM1521556","SRA: https://www.ncbi.nlm.nih.gov/sra?term=SRX729565"
"06H117","GSM1521557","SRA: https://www.ncbi.nlm.nih.gov/sra?term=SRX729566"
"07H003","GSM1521558","SRA: https://www.ncbi.nlm.nih.gov/sra?term=SRX729567"
"07H041","GSM1521559","SRA: https://www.ncbi.nlm.nih.gov/sra?term=SRX729568"
"07H045","GSM1521560","SRA: https://www.ncbi.nlm.nih.gov/sra?term=SRX729569"
"08H021","GSM1521561","SRA: https://www.ncbi.nlm.nih.gov/sra?term=SRX729570"
"08H139","GSM1521562","SRA: https://www.ncbi.nlm.nih.gov/sra?term=SRX729571"
"09H010","GSM1521563","SRA: https://www.ncbi.nlm.nih.gov/sra?term=SRX729572"
"09H032","GSM1521564","SRA: https://www.ncbi.nlm.nih.gov/sra?term=SRX729573"
"09H098","GSM1521565","SRA: https://www.ncbi.nlm.nih.gov/sra?term=SRX729574"
"10H058","GSM1521566","SRA: https://www.ncbi.nlm.nih.gov/sra?term=SRX729575"
"10H127","GSM1521567","SRA: https://www.ncbi.nlm.nih.gov/sra?term=SRX729576"
"04H080","GSM1521568","SRA: https://www.ncbi.nlm.nih.gov/sra?term=SRX729577"
"10H022","GSM1521569","SRA: https://www.ncbi.nlm.nih.gov/sra?term=SRX729578"
"10H055","GSM1521570","SRA: https://www.ncbi.nlm.nih.gov/sra?term=SRX729579"
"03H109","GSM1521571","SRA: https://www.ncbi.nlm.nih.gov/sra?term=SRX729580"
"03H112","GSM1521572","SRA: https://www.ncbi.nlm.nih.gov/sra?term=SRX729581"
"04H061","GSM1521573","SRA: https://www.ncbi.nlm.nih.gov/sra?term=SRX729582"
"04H091","GSM1521574","SRA: https://www.ncbi.nlm.nih.gov/sra?term=SRX729583"
"06H151","GSM1521575","SRA: https://www.ncbi.nlm.nih.gov/sra?term=SRX729584"
"07H144","GSM1521576","SRA: https://www.ncbi.nlm.nih.gov/sra?term=SRX729585"
"08H081","GSM1521577","SRA: https://www.ncbi.nlm.nih.gov/sra?term=SRX729586"
"09H016","GSM1521578","SRA: https://www.ncbi.nlm.nih.gov/sra?term=SRX729587"
"09H066","GSM1521579","SRA: https://www.ncbi.nlm.nih.gov/sra?term=SRX729588"
"11H104","GSM1521580","SRA: https://www.ncbi.nlm.nih.gov/sra?term=SRX729589"
"12H042","GSM1521581","SRA: https://www.ncbi.nlm.nih.gov/sra?term=SRX729590"
"12H044","GSM1521582","SRA: https://www.ncbi.nlm.nih.gov/sra?term=SRX729591"
"12H165","GSM1521583","SRA: https://www.ncbi.nlm.nih.gov/sra?term=SRX729592"
"04H050","GSM1521584","SRA: https://www.ncbi.nlm.nih.gov/sra?term=SRX729593"
"04H063","GSM1521585","SRA: https://www.ncbi.nlm.nih.gov/sra?term=SRX729594"
"05H179","GSM1521586","SRA: https://www.ncbi.nlm.nih.gov/sra?term=SRX729595"
"07H038","GSM1521587","SRA: https://www.ncbi.nlm.nih.gov/sra?term=SRX729596"
"10H046","GSM1521588","SRA: https://www.ncbi.nlm.nih.gov/sra?term=SRX729597"
"10H063","GSM1521589","SRA: https://www.ncbi.nlm.nih.gov/sra?term=SRX729598"
"10H107","GSM1521590","SRA: https://www.ncbi.nlm.nih.gov/sra?term=SRX729599"
"11H205","GSM1521591","SRA: https://www.ncbi.nlm.nih.gov/sra?term=SRX729600"
"12H148","GSM1521592","SRA: https://www.ncbi.nlm.nih.gov/sra?term=SRX729601"
"03H095","GSM1521593","SRA: https://www.ncbi.nlm.nih.gov/sra?term=SRX729602"
"04H030","GSM1521594","SRA: https://www.ncbi.nlm.nih.gov/sra?term=SRX729603"
"05H113","GSM1521595","SRA: https://www.ncbi.nlm.nih.gov/sra?term=SRX729604"
"05H136","GSM1521596","SRA: https://www.ncbi.nlm.nih.gov/sra?term=SRX729605"
"06H020","GSM1521597","SRA: https://www.ncbi.nlm.nih.gov/sra?term=SRX729606"
"06H115","GSM1521598","SRA: https://www.ncbi.nlm.nih.gov/sra?term=SRX729607"
"08H099","GSM1521599","SRA: https://www.ncbi.nlm.nih.gov/sra?term=SRX729608"
"10H008","GSM1521600","SRA: https://www.ncbi.nlm.nih.gov/sra?term=SRX729609"
"11H022","GSM1521601","SRA: https://www.ncbi.nlm.nih.gov/sra?term=SRX729610"
"11H179","GSM1521602","SRA: https://www.ncbi.nlm.nih.gov/sra?term=SRX729611"
"13H066","GSM1521603","SRA: https://www.ncbi.nlm.nih.gov/sra?term=SRX729612"
"13H140","GSM1521604","SRA: https://www.ncbi.nlm.nih.gov/sra?term=SRX729613"
"13H058","GSM1521605","SRA: https://www.ncbi.nlm.nih.gov/sra?term=SRX729614"
"03H065","GSM1521606","SRA: https://www.ncbi.nlm.nih.gov/sra?term=SRX729615"
"03H083","GSM1521607","SRA: https://www.ncbi.nlm.nih.gov/sra?term=SRX729616"
"05H042","GSM1521608","SRA: https://www.ncbi.nlm.nih.gov/sra?term=SRX729617"
"05H118","GSM1521609","SRA: https://www.ncbi.nlm.nih.gov/sra?term=SRX729618"
"05H184","GSM1521610","SRA: https://www.ncbi.nlm.nih.gov/sra?term=SRX729619"
"06H035","GSM1521611","SRA: https://www.ncbi.nlm.nih.gov/sra?term=SRX729620"
"07H137","GSM1521612","SRA: https://www.ncbi.nlm.nih.gov/sra?term=SRX729621"
"08H034","GSM1521613","SRA: https://www.ncbi.nlm.nih.gov/sra?term=SRX729622"
"08H042","GSM1521614","SRA: https://www.ncbi.nlm.nih.gov/sra?term=SRX729623"
"08H072","GSM1521615","SRA: https://www.ncbi.nlm.nih.gov/sra?term=SRX729624"
"09H040","GSM1521616","SRA: https://www.ncbi.nlm.nih.gov/sra?term=SRX729625"
"10H030","GSM1521617","SRA: https://www.ncbi.nlm.nih.gov/sra?term=SRX729626"
"10H119","GSM1521618","SRA: https://www.ncbi.nlm.nih.gov/sra?term=SRX729627"
"11H107","GSM1521619","SRA: https://www.ncbi.nlm.nih.gov/sra?term=SRX729628"
"12H045","GSM1521620","SRA: https://www.ncbi.nlm.nih.gov/sra?term=SRX729629"
"12H098","GSM1521621","SRA: https://www.ncbi.nlm.nih.gov/sra?term=SRX729630"
"12H166","GSM1521622","SRA: https://www.ncbi.nlm.nih.gov/sra?term=SRX729631"
"12H180","GSM1521623","SRA: https://www.ncbi.nlm.nih.gov/sra?term=SRX729632"
"12H183","GSM1521624","SRA: https://www.ncbi.nlm.nih.gov/sra?term=SRX729633"
